{
  "project_info": {
    "project_number": "757276342866",
    "firebase_url": "https://solarfirebase.firebaseio.com",
    "project_id": "solarfirebase",
    "storage_bucket": "solarfirebase.appspot.com"
  },
  "client": [
    {
      "client_info": {
        "mobilesdk_app_id": "1:757276342866:android:afed8bebed4a790e",
        "android_client_info": {
          "package_name": "com.solar.firebase"
        }
      },
      "oauth_client": [
        {
          "client_id": "757276342866-ndrkhi8o8grskjsfp96slife0e29ds62.apps.googleusercontent.com",
          "client_type": 1,
          "android_info": {
            "package_name": "com.solar.firebase",
            "certificate_hash": "00111569ce26a21872fb776e885e1dd5f581e161"
          }
        },
        {
          "client_id": "757276342866-tk47gp91c423h9jmlodbcrk6e8ffnhlm.apps.googleusercontent.com",
          "client_type": 1,
          "android_info": {
            "package_name": "com.solar.firebase",
            "certificate_hash": "0a3463dac86d53d12ad926ad269c98d37266151d"
          }
        },
        {
          "client_id": "757276342866-ncnngil37hmi7tkpvv3l7r278o1an4h3.apps.googleusercontent.com",
          "client_type": 3
        }
      ],
      "api_key": [
        {
          "current_key": "AIzaSyApHkbuX88uUkS47z3wa5wWZaSv2_-gJhs"
        }
      ],
      "services": {
        "analytics_service": {
          "status": 1
        },
        "appinvite_service": {
          "status": 2,
          "other_platform_oauth_client": [
            {
              "client_id": "757276342866-ncnngil37hmi7tkpvv3l7r278o1an4h3.apps.googleusercontent.com",
              "client_type": 3
            }
          ]
        },
        "ads_service": {
          "status": 2
        }
      }
    }
  ],
  "configuration_version": "1"
}